year,hashtag,name,images
2019,jcricketstorebeijing,"j.cricket store beijing",12
2019,sixtableaux,six tableaux,20
2019,mdcgallerylombardia,mdc gallery lombardia,27
2016,mdcgallerybelgioioso,mdc gallery belgioioso,16
2014,studiobinocle,studio binocle,14
2013,housedm,house d m,28
2012,basementgo,basement g o,10
2012,acircleinasquare,a circle in a square,10
2011,spazio33,spazio33,12
2011,zumbini,zumbini offices,20
2010,dancolen,dan colen show,5
2010,nikestadium,nike stadium,4
2010,piombo,piombo stores,3
2010,kosho,kosho,10
2009,unabox,unabox,10
2008,yanpeiming,atelier yan pei ming,10
2008,bastardstore,bastard store,21
2008,gardenshe,gardens h e,20
2007,patiovm,patio v m,4
2005,housedl,house d l,12
2004,housepdf,house pdf,13
